{
  "_fv": 73,
  "_type": "recipe",
  "definition": {
    "recipeType": "Brewing",
    "recipeRetstackSize": 1,
    "group": "",
    "cookingBookCategory": "MISC",
    "xpReward": 0.0,
    "cookingTime": 200,
    "craftingBookCategory": "MISC",
    "recipeShapeless": false,
    "brewingInputStack": {
      "value": "CUSTOM:GiantPotion"
    },
    "brewingIngredientStack": {
      "value": "Items.GOLDEN_CARROT"
    },
    "brewingReturnStack": {
      "value": "CUSTOM:ImprovedGiantPotion"
    },
    "name": "improved",
    "namespace": "mod"
  }
}